-- Вставка данных в таблицу FACULTY
INSERT INTO FACULTY (FACULTY, FACULTY_NAME) VALUES ('F01', 'Факультет компьютерных наук');
INSERT INTO FACULTY (FACULTY, FACULTY_NAME) VALUES ('F02', 'Факультет экономики');
INSERT INTO FACULTY (FACULTY, FACULTY_NAME) VALUES ('F03', 'Факультет права');

-- Вставка данных в таблицу PROFESSION
INSERT INTO PROFESSION (PROFESSION, FACULTY, PROFESSION_NAME, QUALIFICATION, PARENT_PROFESSION) VALUES ('P01', 'F01', 'Программист', 'Бакалавр', NULL);
INSERT INTO PROFESSION (PROFESSION, FACULTY, PROFESSION_NAME, QUALIFICATION, PARENT_PROFESSION) VALUES ('P02', 'F01', 'Системный аналитик', 'Бакалавр', 'P01');
INSERT INTO PROFESSION (PROFESSION, FACULTY, PROFESSION_NAME, QUALIFICATION, PARENT_PROFESSION) VALUES ('P03', 'F02', 'Экономист', 'Бакалавр', NULL);
INSERT INTO PROFESSION (PROFESSION, FACULTY, PROFESSION_NAME, QUALIFICATION, PARENT_PROFESSION) VALUES ('P04', 'F03', 'Юрист', 'Бакалавр', NULL);

-- Вставка данных в таблицу PULPIT
INSERT INTO PULPIT (PULPIT, PULPIT_NAME, FACULTY) VALUES ('P01', 'Кафедра программирования', 'F01');
INSERT INTO PULPIT (PULPIT, PULPIT_NAME, FACULTY) VALUES ('P02', 'Кафедра экономики', 'F02');
INSERT INTO PULPIT (PULPIT, PULPIT_NAME, FACULTY) VALUES ('P03', 'Кафедра права', 'F03');

-- Вставка данных в таблицу TEACHER
INSERT INTO TEACHER (TEACHER, TEACHER_NAME, TEACHER_SURNAME, TEACHER_PATRONYMIC, GENDER, START_DATE, WORK_TIME, PULPIT) VALUES ('T01', 'Иван', 'Иванов', 'Иванович', 'м', TO_DATE('2010-09-01', 'YYYY-MM-DD'), 40.0, 'P01');
INSERT INTO TEACHER (TEACHER, TEACHER_NAME, TEACHER_SURNAME, TEACHER_PATRONYMIC, GENDER, START_DATE, WORK_TIME, PULPIT) VALUES ('T02', 'Мария', 'Петрова', 'Сергеевна', 'ж', TO_DATE('2015-09-01', 'YYYY-MM-DD'), 40.0, 'P02');
INSERT INTO TEACHER (TEACHER, TEACHER_NAME, TEACHER_SURNAME, TEACHER_PATRONYMIC, GENDER, START_DATE, WORK_TIME, PULPIT) VALUES ('T03', 'Олег', 'Сидоров', 'Александрович', 'м', TO_DATE('2018-09-01', 'YYYY-MM-DD'), 40.0, 'P03');

-- Вставка данных в таблицу SUBJECT
INSERT INTO SUBJECT (SUBJECT, SUBJECT_NAME, TEACHER) VALUES ('S01', 'Программирование', 'T01');
INSERT INTO SUBJECT (SUBJECT, SUBJECT_NAME, TEACHER) VALUES ('S02', 'Экономика', 'T02');
INSERT INTO SUBJECT (SUBJECT, SUBJECT_NAME, TEACHER) VALUES ('S03', 'Право', 'T03');

-- Вставка данных в таблицу GROUPS
INSERT INTO GROUPS (FACULTY, PROFESSION, YEAR_FIRST) VALUES ('F01', 'P01', 2021);
INSERT INTO GROUPS (FACULTY, PROFESSION, YEAR_FIRST) VALUES ('F02', 'P03', 2022);
INSERT INTO GROUPS (FACULTY, PROFESSION, YEAR_FIRST) VALUES ('F03', 'P04', 2023);

-- Вставка данных в таблицу STUDENT
INSERT INTO STUDENT (IDGROUP, STUDENT_NAME, STUDENT_SURNAME, STUDENT_PATRONYMIC, BDAY) VALUES (1, 'Алексей', 'Ковалев', 'Викторович', TO_DATE('2000-05-15', 'YYYY-MM-DD'));
INSERT INTO STUDENT (IDGROUP, STUDENT_NAME, STUDENT_SURNAME, STUDENT_PATRONYMIC, BDAY) VALUES (1, 'Анна', 'Смирнова', 'Дмитриевна', TO_DATE('2001-10-20', 'YYYY-MM-DD'));
INSERT INTO STUDENT (IDGROUP, STUDENT_NAME, STUDENT_SURNAME, STUDENT_PATRONYMIC, BDAY) VALUES (2, 'Ирина', 'Федорова', 'Александровна', TO_DATE('2002-02-05', 'YYYY-MM-DD'));

-- Вставка данных в таблицу PROGRESS
INSERT INTO PROGRESS (SUBJECT, IDSTUDENT, PDATE, ESTIMATION) VALUES ('S01', 1, TO_DATE('2023-06-15', 'YYYY-MM-DD'), 9);
INSERT INTO PROGRESS (SUBJECT, IDSTUDENT, PDATE, ESTIMATION) VALUES ('S01', 2, TO_DATE('2023-06-15', 'YYYY-MM-DD'), 8);
INSERT INTO PROGRESS (SUBJECT, IDSTUDENT, PDATE, ESTIMATION) VALUES ('S02', 3, TO_DATE('2023-06-15', 'YYYY-MM-DD'), 10);